Time (s),Voltage (V)
3.75106080241494E-6,0.0306855328381062
2.03751055664725E-4,0.030525179579854
0.00100375103548345,0.0317519716918469
0.0020037510101929,0.0330501869320869
0.00320375097987835,0.0341574884951115
0.00440375094959222,0.0352647937834263
0.00560375091930609,0.0362957268953323
0.00680375088899154,0.0374030321836472
0.00820375085356773,0.0384530574083328
0.00980375081320517,0.0395030863583088
0.0114037507728142,0.0408585779368877
0.0130037507323095,0.0419658794999123
0.0148037506868945,0.0430159047245979
0.0166037506414227,0.0440468415617943
0.0186037505908985,0.0450968705117702
0.0206037505404026,0.0461850799620152
0.0226037504897931,0.0472351089119911
0.0246037504393257,0.0482660457491875
0.0266037503888015,0.0493351630866528
0.0284037503433012,0.0503660999238491
0.0308037502827005,0.0514352209866047
0.0330037502270955,0.0525234304368496
0.0352037501714904,0.0535543672740459
0.0376037501109181,0.0546234846115112
0.0400037500503174,0.0556544214487076
0.0426037499846075,0.0567235425114632
0.0450037499240068,0.0577353872358799
0.047403749863264,0.0587854161858559
0.0504037497874776,0.0597972609102726
0.0526037497319862,0.0608472861349583
0.055403749661167,0.0618973150849342
0.0582037495904615,0.0629855245351791
0.061403749509708,0.0639973729848862
0.0648037494237883,0.0652192234992981
0.0678037493480019,0.0662501603364944
0.0708037492721871,0.0673765540122986
0.0740037491914052,0.0686174929141998
0.0780037490902998,0.0696675255894661
0.0816037489993846,0.0707939192652702
0.0848037489185174,0.0718630328774452
0.0878037488426742,0.0729130655527115
0.0918037487417109,0.0740585476160049
0.095403748650682,0.0751467570662498
0.0996037485446095,0.0762158781290054
0.103203748453666,0.0772468149662018
0.106803748362779,0.0782968401908875
0.111003748256707,0.0793086886405945
0.114203748175782,0.0803205296397209
0.118003748079786,0.0813514664769173
0.122403747968718,0.0825542286038399
0.127003747852513,0.0835660696029663
0.130803747756488,0.0845779180526733
0.135403747640311,0.0856470391154289
0.139403747539205,0.0867543369531631
0.144203747418004,0.087861642241478
0.149003747296689,0.0889116674661636
0.15320374719056,0.0899998769164085
0.158003747069301,0.0910499095916748
0.163203746937995,0.0920999348163605
0.167403746831866,0.0931499600410461
0.172203746710579,0.0941618084907532
0.177803746569083,0.0951927453279495
0.182803746442772,0.0963000431656837
0.188203746306385,0.0974455326795578
0.193203746180075,0.0984764695167542
0.198803746038578,0.0996410399675369
0.204803745887091,0.10082471370697
0.211203745725413,0.101989284157753
0.216603745588998,0.103039316833019
0.222403745442506,0.104051157832146
0.227803745305977,0.105101190507412
0.233603745159485,0.106189399957657
0.240603744982707,0.107277609407902
0.245603744856396,0.108289450407028
0.251603744704823,0.109339483082295
0.257203744563299,0.110370419919491
0.263803744396597,0.111382260918617
0.269803744245024,0.112413197755814
0.276203744083404,0.113577775657177
0.284003743886302,0.114627800881863
0.289203743754911,0.11563964933157
0.296403743573109,0.116689674556255
0.303003743406293,0.117758795619011
0.309803743234482,0.118885189294815
0.317003743052709,0.119916126132011
0.324603742860688,0.120927967131138
0.331203742693901,0.121997088193893
0.3378037425272,0.123066209256649
0.345603742330184,0.124078050255775
0.351403742183578,0.125089898705483
0.3602037419613,0.12610174715519
0.367203741784465,0.127170860767365
0.374003741612682,0.128182709217072
0.38160374142069,0.129194557666779
0.389803741213598,0.130263671278954
0.396603741041815,0.13129460811615
0.405603740814399,0.132325544953346
0.412003740652807,0.133356481790543
0.421203740420282,0.13436833024025
0.429603740208108,0.135494723916054
0.437403740011092,0.136506572365761
0.446003739793809,0.137556597590447
0.454003739591712,0.138663902878761
0.462403739379482,0.139713928103447
0.47140373915218,0.140783041715622
0.48100373890972,0.141833066940308
0.489603738692381,0.142844915390015
0.498003738480207,0.143875852227211
0.507603738237719,0.145002245903015
0.516603738010303,0.146224096417427
0.52720373774261,0.147255033254623
0.536003737520304,0.148305058479309
0.546203737262601,0.149316906929016
0.553403737080686,0.150328755378723
0.564603736797807,0.151455149054527
0.573003736585605,0.152466997504234
0.584003736307722,0.153555199503899
0.592803736085386,0.154567047953606
0.604003735802394,0.15569344162941
0.61300373557512,0.156762555241585
0.624403735287132,0.157774403691292
0.633203735064797,0.158805340528488
0.644403734781775,0.159893557429314
0.653803734544397,0.160943582653999
0.664203734281699,0.161955416202545
0.675203734003787,0.162986353039741
0.685403733746085,0.164017289876938
0.695803733483388,0.165086418390274
0.705803733230681,0.166098266839981
0.718003732922512,0.167243748903274
0.729203732639576,0.16831286251545
0.739803732371826,0.169343799352646
0.750603732099023,0.170355647802353
0.762403731800902,0.17136749625206
0.77240373154828,0.172398433089256
0.784403731245078,0.173410266637802
0.794803730982409,0.174422115087509
0.806603730684287,0.175472140312195
0.816603730431723,0.176503077149391
0.829403730108282,0.177534013986588
0.841603729800113,0.178564950823784
0.852203729532391,0.17959588766098
0.864403729224222,0.180626824498177
0.875203728951305,0.181676849722862
0.888203728622898,0.182707786560059
0.900403728314672,0.183738723397255
0.912003728021688,0.184884205460548
0.926603727652889,0.186010599136353
0.939803727319401,0.187060639262199
0.951203727031384,0.188167929649353
0.964603726692928,0.189294323325157
0.978203726349307,0.190363451838493
0.99040372604108,0.191375285387039
1.00380372570262,0.192444413900375
1.01700372536922,0.193608984351158
1.03160372500031,0.194678112864494
1.0456037246467,0.195709049701691
1.05740372434857,0.196720883250237
1.07080372401009,0.197828188538551
1.08600372362608,0.198840036988258
1.09820372331791,0.199851885437965
1.11080372299961,0.200978279113769
1.12540372263081,0.201990112662315
1.14000372226189,0.203078329563141
1.15360372191839,0.204204723238945
1.16840372154448,0.205235660076141
1.18360372116052,0.206285685300827
1.1960037208473,0.207412078976631
1.21060372047839,0.208462104201317
1.22560372009951,0.209512129426003
1.2414037197004,0.210657626390457
1.2558037193366,0.211688563227654
1.27080371895758,0.212700396776199
1.28400371862418,0.213712245225906
1.29960371823012,0.214724093675613
1.31240371790668,0.21575503051281
1.32860371749751,0.21703414618969
1.34700371703272,0.218141451478005
1.36160371666381,0.21922966837883
1.37740371626469,0.220241516828537
1.391603715906,0.221310630440712
1.40640371553209,0.222437024116516
1.4248037150673,0.223544329404831
1.43980371468828,0.224632531404495
1.45620371427401,0.225663468241692
1.47160371388503,0.226751685142517
1.48820371346571,0.227820798754692
1.50400371306651,0.228870823979378
1.51940371267747,0.229882672429085
1.53500371228338,0.23093269765377
1.55240371184377,0.232001826167107
1.567003711475,0.233070939779282
1.58480371102533,0.234140053391457
1.60060371062622,0.235190093517304
1.61700371021189,0.2362210303545
1.63280370981278,0.237309232354164
1.64980370938329,0.238340169191361
1.66620370896896,0.239371106028557
1.68340370853448,0.240402042865753
1.69840370815561,0.24141389131546
1.71460370774628,0.242502093315125
1.73240370729658,0.243647590279579
1.75140370681672,0.244697615504265
1.76780370640239,0.245747640728951
1.78680370592241,0.246778577566147
1.80380370549287,0.247809514403343
1.81960370509381,0.248859539628029
1.83820370462388,0.249871388077736
1.85400370422482,0.250883251428604
1.86900370384581,0.251914173364639
1.88880370334567,0.253040581941605
1.90820370285559,0.254109680652618
1.92640370239579,0.255121529102325
1.94420370194609,0.25620973110199
1.96220370149138,0.257297962903976
1.97880370107208,0.258328884840012
1.99660370062242,0.259340733289719
2.01440370017266,0.260390758514404
2.03340369969268,0.26145988702774
2.05280369920268,0.262529015541077
2.07020369876307,0.263540834188461
2.08740369832859,0.264552682638168
2.10560369786879,0.265564531087875
2.1250036973787,0.266614556312561
2.14400369689881,0.267683684825897
2.16420369638848,0.268848270177841
2.1832036959085,0.269917368888855
2.20500369535776,0.27102467417717
2.2248036948576,0.272036522626877
2.24340369438769,0.273086547851563
2.25960369397851,0.274098396301269
2.2780036935136,0.275167524814606
2.29780369301338,0.276198446750641
2.31640369254362,0.277210295200348
2.33460369208382,0.278260320425034
2.35580369154818,0.279272168874741
2.37560369104799,0.280341297388077
2.39420369057819,0.281353145837784
2.41360369008811,0.282422244548798
2.433003689598,0.283472269773483
2.45400368906749,0.28456050157547
2.47460368854712,0.285686880350113
2.49560368801662,0.286736905574799
2.51580368750629,0.287786930799484
2.53560368700607,0.288798779249191
2.55700368646549,0.289867907762528
2.5768036859653,0.290898829698563
2.59820368542466,0.29192978143692
2.61740368493972,0.292979806661606
2.639203684389,0.294010728597641
2.6572036839342,0.295022577047348
2.67920368337849,0.296110808849335
2.69960368286308,0.29714173078537
2.72320368226687,0.298210859298706
2.74380368174647,0.299222707748413
2.76380368124128,0.30023455619812
2.78480368071081,0.301303654909134
2.8062036801702,0.302315503358841
2.8266036796548,0.303327351808548
2.8472036791344,0.304434657096863
2.86920367857869,0.305465579032898
2.89060367803808,0.306477427482605
2.9110036775227,0.307489275932312
2.93240367698209,0.308501124382019
2.95140367650211,0.309532076120377
2.97400367593119,0.310582101345062
2.9958036753805,0.311593949794769
3.01540367488528,0.312701225280762
3.04200367421342,0.313713073730469
3.0642036736526,0.314763098955154
3.0860036731018,0.315851330757141
3.10820367254098,0.316882252693176
3.131003671965,0.317894101142883
3.1516036714446,0.31890594959259
3.1714036709445,0.320032328367233
3.19640367031289,0.321063280105591
3.21600366981781,0.322075128555298
3.24200366916091,0.323163330554962
3.26340366862027,0.324175179004669
3.2860036680494,0.325225204229355
3.31100366741791,0.326370686292648
3.3336036668469,0.327382534742355
3.35500366630629,0.328394383192062
3.37800366572529,0.329406231641769
3.40160366512913,0.330418080091476
3.42480366454302,0.331468105316162
3.44820366395192,0.332499027252197
3.47080366338099,0.333568155765533
3.4946036627797,0.334732741117477
3.52120366210781,0.335820943117142
3.54460366151659,0.336851865053177
3.56800366092548,0.337863713502884
3.59180366032427,0.33891373872757
3.61240365980393,0.339925587177277
3.63620365920258,0.340937435626984
3.6596036586115,0.34200656414032
3.68660365792942,0.343018412590027
3.71080365731814,0.344030261039734
3.73240365677239,0.34508028626442
3.7564036561661,0.346092134714127
3.78020365556489,0.347142159938812
3.8062036549081,0.348192185163498
3.82940365432202,0.349261283874512
3.85340365371567,0.350311309099197
3.87880365307402,0.351361364126205
3.90480365241723,0.352411389350891
3.9300036517806,0.353461414575577
3.95420365116931,0.354511439800263
3.97440365065901,0.355542361736298
4.00480364989102,0.356611490249634
4.02980364925943,0.357699692249298
4.0556036486077,0.358711540699005
4.07860364802667,0.359742492437363
4.1052036473547,0.360773414373398
4.12920364674841,0.361785262823105
4.15440364611183,0.36289256811142
4.1838036453691,0.363923490047455
4.20600364480831,0.364992618560791
4.23180364415651,0.366080820560455
4.25980364344923,0.36718812584877
4.28720364275699,0.368199974298477
4.31220364212538,0.369288176298141
4.33500364154941,0.370300024747849
4.36580364077139,0.371369153261185
4.39120364012967,0.372438281774521
4.41580363950828,0.373469203710556
4.44420363879078,0.374500155448914
4.46960363814921,0.375512003898621
4.49420363752768,0.376581102609634
4.52320363679507,0.377650231122971
4.54980363612307,0.378757536411285
4.5756036354714,0.379883915185928
4.6060036347034,0.380933940410614
4.63180363405164,0.381945788860321
4.65880363336959,0.382995814085007
4.68700363265722,0.384045839309692
4.71320363199527,0.3850958943367
4.73900363134351,0.386126816272736
4.76800363061091,0.38723412156105
4.7938036299592,0.388245970010757
4.82420362919117,0.3893723487854
4.851803628494,0.390384197235107
4.8762036278776,0.391396045684815
4.90440362716518,0.392407894134521
4.9314036264831,0.393438816070557
4.95720362583131,0.394488871097565
4.98780362505832,0.395500689744949
5.01280362442679,0.396512538194656
5.03840362378011,0.397524386644363
5.06660362306769,0.39853623509407
5.0928036224058,0.399548083543778
5.12520362158727,0.400598108768463
5.15120362093052,0.401667237281799
5.1776036202636,0.402831792831421
5.21140361940971,0.403843641281128
5.23660361877313,0.404855489730835
5.26800361797993,0.405924618244171
5.29300361734829,0.406936466693878
5.32520361653491,0.407948315143585
5.34920361592862,0.40897923707962
5.37700361522627,0.410029262304306
5.40880361442299,0.411041110754013
5.43540361375099,0.412091135978699
5.46700361295271,0.413102984428406
5.49440361226047,0.414133936166763
5.51940361162903,0.415241211652756
5.55420361074991,0.416310340166092
5.5834036100122,0.417341291904449
5.61140360930492,0.418353110551834
5.64380360848639,0.419384062290192
5.67100360779921,0.420414984226227
5.69580360717268,0.421426832675934
5.72880360633911,0.422438681125641
5.75620360564687,0.423565089702606
5.79080360477278,0.424576938152313
5.8166036041211,0.425607860088348
5.84620360337328,0.426638811826706
5.8766036026054,0.427688837051392
5.90800360181211,0.428738862276077
5.93740360106941,0.429750710725784
5.96960360025599,0.430762529373169
5.99700359956378,0.431793481111526
6.02700359880589,0.432862609624863
6.05620359806829,0.433931708335876
6.08960359722448,0.434943556785584
6.11840359649702,0.435993582010269
6.15180359565321,0.437024533748627
6.18280359487011,0.438093632459641
6.21420359407688,0.439105480909348
6.24500359329878,0.440193712711334
6.27400359256617,0.441224634647369
6.30880359168708,0.442274659872055
6.335803591005,0.443305611610413
6.36800359019151,0.44431746006012
6.39740358944877,0.445329278707504
6.42940358864038,0.446398407220841
6.46000358786739,0.447467535734177
6.49220358705395,0.448479384183884
6.52660358618499,0.449567586183548
6.55600358544231,0.450579434633255
6.59060358456821,0.451629459857941
6.61940358384058,0.452660381793976
6.65400358296657,0.453672230243683
6.68380358221378,0.45470318198204
6.71600358140029,0.455734103918076
6.7486035805768,0.45684140920639
6.7818035797381,0.457853257656097
6.81560357888418,0.458903282880783
6.84960357802527,0.459934234619141
6.87700357733308,0.460984259843826
6.9132035764186,0.461996108293533
6.94160357570121,0.463103413581848
6.97820357477656,0.464134335517883
7.0126035739076,0.46514618396759
7.04440357310418,0.466215312480927
7.07740357227058,0.467227131128311
7.1094035714622,0.468334436416626
7.14900357046179,0.469422668218613
7.17720356974939,0.470453590154648
7.21120356889048,0.471465438604355
7.24920356793061,0.472515463829041
7.27800356720297,0.473546415567398
7.31520356626328,0.474558234214783
7.34760356544479,0.47558918595314
7.3790035646515,0.476601034402847
7.41260356380269,0.477631956338882
7.44840356289828,0.478681981563568
7.48000356210011,0.479751110076904
7.5158035611957,0.48080113530159
7.55200356028118,0.481832087039948
7.58900355934648,0.482901185750961
7.62100355853809,0.483951210975647
7.65360355771458,0.484982162714005
7.69200355674448,0.486070364713669
7.72900355580984,0.487139493227005
7.76580355488008,0.48817041516304
7.7952035541374,0.489220440387726
7.8332035531775,0.490308672189713
7.86940355226298,0.49132052063942
7.90360355139899,0.492370545864105
7.93640355057042,0.49340146780014
7.97420354961548,0.494432419538498
8.01120354868078,0.495539724826813
8.04600354780169,0.496551543474197
8.07920354696296,0.497582495212555
8.11660354601821,0.49861341714859
8.15520354504309,0.499720722436905
8.19260354409829,0.500770747661591
8.2282035431989,0.501801729202271
8.26440354228438,0.502870857715607
8.29880354141537,0.503901779651642
8.33640354046562,0.504913628101349
8.37420353951069,0.505963623523712
8.41080353858609,0.506994605064392
8.44140353781313,0.508044600486755
8.48260353677227,0.509056448936462
8.51640353591844,0.51010650396347
8.55540353493322,0.511137425899506
8.59540353392268,0.512149274349213
8.6310035330234,0.513199269771576
8.66680353211902,0.514211118221283
8.70340353119437,0.515261173248291
8.73780353032541,0.516368448734283
8.77820352930476,0.51738029718399
8.81740352831449,0.518449425697327
8.85600352733942,0.519518554210663
8.8944035263693,0.520644962787628
8.93640352530829,0.521694958209992
8.97480352433823,0.522706806659698
9.00820352349447,0.523775935173035
9.05220352238294,0.524787783622742
9.08680352150893,0.525799632072449
9.12440352055901,0.526830554008484
9.15980351966468,0.527861475944519
9.19940351866441,0.528911530971527
9.23900351766397,0.529980659484863
9.28140351659292,0.531068861484528
9.3200035156178,0.532137989997864
9.35880351463763,0.533149838447571
9.3980035136473,0.534161686897278
9.43620351268228,0.535230755805969
9.47300351175258,0.536242604255676
9.51720351063605,0.537292659282684
9.55740350962051,0.538304507732391
9.59520350866561,0.539354503154755
9.63360350769548,0.540385484695435
9.67620350661937,0.541397333145142
9.71480350564431,0.542428255081177
9.7526035046894,0.543440103530884
9.79220350368897,0.544451951980591
9.83380350263812,0.545482873916626
9.87320350164268,0.546494722366333
9.9092035007333,0.547525644302368
9.95220349964703,0.548556566238403
9.99480349857092,0.54962569475174
10.0350034975553,0.550675749778748
10.0764034965095,0.551725745201111
10.1148034955394,0.552737593650818
10.1578034944531,0.553825795650482
10.1988034934174,0.554856777191162
10.2388034924069,0.555906772613525
10.2816034913257,0.55693769454956
10.3188034903859,0.55796867609024
10.3640034892441,0.559018671512604
10.4120034880315,0.560106873512268
10.4536034869806,0.561118721961975
10.4960034859095,0.56214964389801
10.5368034848788,0.563161492347717
10.5728034839694,0.564173340797424
10.6186034828124,0.565185189247131
10.6592034817867,0.566330671310425
10.7080034805539,0.567399799823761
10.753603479402,0.568411648273468
10.7938034783864,0.569423496723175
10.8366034773052,0.570473551750183
10.8770034762846,0.57148540019989
10.9206034751832,0.572516322135925
10.9574034742535,0.573528170585632
11.0058034730309,0.574635446071625
11.0518034718688,0.575742781162262
11.097003470727,0.576754629611969
11.1418034695952,0.577766478061676
11.1838034685342,0.578778266906738
11.2298034673721,0.579828321933746
11.2754034662202,0.580878376960754
11.3174034651592,0.58190929889679
11.363803463987,0.582959294319153
11.4080034628704,0.58397114276886
11.4508034617892,0.58500212430954
11.4976034606069,0.58612847328186
11.5414034595005,0.587216675281525
11.5878034583283,0.588247656822205
11.6368034570905,0.589393138885498
11.688003455797,0.590481340885162
11.7348034546148,0.591493189334869
11.7794034534881,0.592524111270905
11.8282034522553,0.59355503320694
11.8730034511235,0.594585955142975
11.9178034499918,0.595597803592682
11.9606034489106,0.596609652042389
12.004603447799,0.597697913646698
12.0558034465056,0.598786115646362
12.1020034453385,0.599874317646027
12.1542034440198,0.600886166095734
12.2022034428073,0.60195529460907
12.252603441534,0.602967143058777
12.2944034404781,0.604036211967468
12.3416034392857,0.605048060417175
12.3952034379317,0.606059908866882
12.4364034368909,0.607090890407562
12.4868034356177,0.608121812343597
12.5324034344657,0.609133660793304
12.5792034332834,0.610298216342926
12.6370034318233,0.611310064792633
12.6794034307522,0.61232191324234
12.7330034293981,0.613333761692047
12.7784034282512,0.614345610141754
12.8298034269527,0.615376532077789
12.878403425725,0.616388380527496
12.9200034246741,0.617400228977203
12.9742034233049,0.618431150913239
13.019403422163,0.619500279426575
13.0716034208444,0.620512127876282
13.1200034196217,0.621676683425903
13.1780034181565,0.62274581193924
13.2314034168075,0.623757660388947
13.279003415605,0.624941349029541
13.3376034141246,0.625991344451904
13.3914034127655,0.627003192901611
13.4382034115833,0.628034114837646
13.4890034103,0.629084169864655
13.5394034090267,0.63011509180069
13.5926034076828,0.631126940250397
13.6460034063338,0.632138788700104
13.6956034050808,0.63320791721344
13.7520034036559,0.634219765663147
13.7988034024737,0.635307967662811
13.8580034009782,0.636319816112518
13.9016033998768,0.637331664562225
13.9552033985227,0.638362586498261
14.0008033973708,0.639374434947968
14.0620033958248,0.640386283397675
14.1124033945515,0.641398131847382
14.1704033930863,0.642409980297089
14.2186033918687,0.643421828746796
14.2702033905652,0.644471824169159
14.3214033892718,0.645521879196167
14.3824033877308,0.646533727645874
14.4364033863666,0.647545576095581
14.4912033849823,0.648557424545288
14.5428033836787,0.649626553058624
14.5976033822944,0.650657474994659
14.6564033808089,0.651669323444367
14.7036033796166,0.652700245380402
14.7586033782272,0.653712093830109
14.8184033767165,0.654723942279816
14.8758033752664,0.655793070793152
14.934603373781,0.656843066215515
14.9818033725887,0.657854914665222
15.0410033710931,0.658943116664886
15.1020033695521,0.659993171691895
15.159603368097,0.661043226718903
15.2172033666419,0.662055015563965
15.2770033651313,0.663066864013672
15.3334033637065,0.66411691904068
15.388603362312,0.665147840976715
15.4524033607003,0.666197896003723
15.5096033592553,0.66720974445343
15.5616033579417,0.668221592903137
15.6206033564512,0.669233441352844
15.678603354986,0.670264363288879
15.7376033534955,0.671276211738586
15.7966033520051,0.672364413738251
15.8608033503832,0.673471689224243
15.9196033488978,0.67448353767395
15.9810033473467,0.675495386123657
16.0418033458108,0.676602721214294
16.1056033441991,0.677614569664002
16.1702033425671,0.678645491600037
16.2218033412636,0.679657340049744
16.2916033395003,0.680707335472107
16.3506033380099,0.681719183921814
16.4050033366356,0.682731032371521
16.4756033348521,0.683742880821228
16.5372033332959,0.684773802757263
16.5968033317903,0.68578565120697
16.651603330406,0.686797499656677
16.7194033286932,0.687828481197357
16.7804033271522,0.688897550106049
16.8442033255405,0.689985752105713
16.9170033237014,0.691016733646393
16.9800033221099,0.692124009132385
17.0502033203365,0.693193137645721
17.1184033186136,0.694262266159058
17.1796033170676,0.695293188095093
17.2500033152891,0.696324110031128
17.3178033135763,0.697450518608093
17.3790033120303,0.698481440544128
17.456403310075,0.699607849121094
17.5230033083925,0.700619697570801
17.5930033066242,0.701631546020508
17.6600033049316,0.702662467956543
17.7232033033351,0.703731596469879
17.7988033014252,0.704819798469543
17.8628032998085,0.705850720405579
17.937003297934,0.706996202468872
18.0108032960697,0.708027184009552
18.078403294362,0.709039032459259
18.150603292538,0.710089027881622
18.2178032908404,0.711119949817657
18.2936032889255,0.712170004844666
18.3632032871673,0.71325820684433
18.4366032853131,0.714365541934967
18.5148032833376,0.715434610843658
18.5822032816349,0.716465592384338
18.6584032797099,0.717477440834045
18.7222032780982,0.718489289283752
18.8000032761327,0.719539284706116
18.8742032742583,0.720570206642151
18.9440032724951,0.721601188182831
19.0174032706408,0.722651183605194
19.0922032687512,0.723701238632202
19.1678032668414,0.724713087081909
19.2392032650377,0.725801289081573
19.3212032629662,0.726832211017609
19.3970032610513,0.727901339530945
19.4774032590202,0.728913187980652
19.5524032571256,0.729944109916687
19.6258032552713,0.730955958366394
19.7012032533666,0.732006013393402
19.779603251386,0.733017802238464
19.8616032493145,0.734086930751801
19.9394032473491,0.735136985778809
20.012403245505,0.736186981201172
20.0980032433426,0.737217962741852
20.1788032413014,0.738229811191559
20.2586032392855,0.739241659641266
20.3326032374161,0.740272581577301
20.4178032352637,0.741322576999664
20.4952032333085,0.742334425449371
20.5788032311965,0.743365347385406
20.6564032292362,0.744377195835114
20.7406032271091,0.745389044284821
20.8208032250831,0.7464200258255
20.901203223052,0.747450947761536
20.981403221026,0.748481869697571
21.0650032189141,0.749589204788208
21.1628032164435,0.750658273696899
21.2424032144326,0.751727402210236
21.3372032120377,0.752739250659943
21.4166032100319,0.75375109910965
21.4992032079453,0.754762947559357
21.5846032057879,0.755793869495392
21.6806032033627,0.756862998008728
21.7650032012305,0.757893919944763
21.8624031987701,0.758943974971771
21.942603196744,0.759974896907806
22.0402031942785,0.760986745357513
22.1314031919746,0.76205587387085
22.2224031896757,0.763105869293213
22.3176031872707,0.76411771774292
22.4034031851033,0.7651486992836
22.4950031827893,0.766179621219635
22.587403180455,0.767191469669342
22.6812031780854,0.768203318119049
22.7664031759331,0.769215166568756
22.8658031734221,0.770341515541077
22.9650031709161,0.771391570568085
23.064403168405,0.772479772567749
23.163603165899,0.773510694503784
23.2642031633576,0.774522542953491
23.3516031611497,0.775534391403198
23.4442031588104,0.776565372943878
23.5454031562539,0.777653574943542
23.655803153465,0.778684496879578
23.762603150767,0.779715418815613
23.8482031486045,0.780765473842621
23.9638031456842,0.781777322292328
24.0610031432288,0.782789170742035
24.1510031409552,0.783839166164398
24.266203138045,0.784927368164063
24.3664031355137,0.785977423191071
24.4832031325631,0.786989271640778
24.5922031298095,0.788077473640442
24.6994031271014,0.789108395576477
24.8044031244489,0.790158450603485
24.9162031216246,0.791208446025848
25.0246031188862,0.792277574539185
25.1292031162438,0.79340398311615
25.2638031128435,0.794415831565857
25.3538031105699,0.795427680015564
25.4650031077607,0.796439528465271
25.5834031047697,0.797470450401306
25.6848031022081,0.798482298851013
25.7990030993232,0.799513220787048
25.8674030975953,0.800124168395996
25.8676030975902,0.800028681755066
25.8682030975604,0.769830882549286
25.8684030975555,0.76967054605484
25.8690030975403,0.76858514547348
25.8698030975201,0.767573297023773
25.8708030974948,0.766561448574066
25.8718030974696,0.765530526638031
25.8732030974341,0.764404118061066
25.8746030973988,0.763315916061401
25.8760030973635,0.762304067611694
25.877803097318,0.761196732521057
25.8794030972776,0.760127663612366
25.8808030972422,0.759058535099029
25.8828030971917,0.758008480072021
25.8844030971513,0.756901204586029
25.8868030970906,0.755889356136322
25.8886030970451,0.754858434200287
25.8904030969997,0.753770172595978
25.892803096939,0.752643823623657
25.8954030968734,0.75163197517395
25.8974030968228,0.750524640083313
25.8998030967622,0.749455511569977
25.9028030966864,0.748386442661285
25.9052030966257,0.747336387634277
25.9080030965551,0.746267259120941
25.9106030964894,0.745236337184906
25.9130030964288,0.744071781635284
25.916003096353,0.742926299571991
25.9192030962721,0.741857171058655
25.9224030961913,0.740749835968018
25.9256030961105,0.739680707454681
25.9290030960246,0.738630712032318
25.9318030959538,0.737599790096283
25.9358030958528,0.736473381519318
25.9392030957668,0.735308825969696
25.942603095681,0.73423969745636
25.9470030955698,0.73296058177948
25.9516030954536,0.731872320175171
25.9552030953626,0.730688691139221
25.9596030952515,0.729619562625885
25.9634030951555,0.728607714176178
25.9682030950342,0.727576792240143
25.9716030949484,0.726545810699463
25.9756030948474,0.725476741790771
25.9804030947261,0.724388539791107
25.9852030946048,0.723319411277771
25.9894030944987,0.722269356250763
25.9938030943876,0.721200227737427
25.9988030942613,0.720169305801392
26.0042030941249,0.719081103801727
26.0092030939985,0.717992901802063
26.0146030938621,0.716981053352356
26.0192030937459,0.715969204902649
26.0246030936095,0.714957356452942
26.0298030934781,0.713888227939606
26.0350030933468,0.712723672389984
26.0406030932052,0.711711823940277
26.0476030930285,0.710623621940613
26.0524030929072,0.709592640399933
26.0584030927556,0.708523571491242
26.0654030925788,0.707473516464233
26.0710030924373,0.706442594528198
26.0774030922757,0.70539253950119
26.0834030921241,0.704323410987854
26.0906030919422,0.703254342079163
26.0968030917856,0.702166080474854
26.1036030916138,0.701154232025146
26.1108030914319,0.700066030025482
26.1174030912652,0.698977828025818
26.125803091053,0.697927832603455
26.1326030908812,0.696877777576447
26.1392030907145,0.695846855640411
26.1478030904972,0.694758653640747
26.1546030903254,0.69374680519104
26.1622030901334,0.692715883255005
26.1698030899414,0.691704034805298
26.1778030897393,0.690673053264618
26.1856030895423,0.689623057842255
26.1928030893604,0.688592135906219
26.202003089128,0.687427520751953
26.2114030888905,0.686358392238617
26.2206030886581,0.685251116752625
26.2296030884308,0.684181988239288
26.2380030882186,0.683170139789581
26.2472030879862,0.682120144367218
26.2548030877942,0.681051015853882
26.2650030875365,0.680000960826874
26.2742030873041,0.678970038890839
26.2832030870767,0.677958190441132
26.2920030868544,0.676927268505096
26.3022030865967,0.67576265335083
26.312603086334,0.674693584442139
26.3236030860561,0.673624455928802
26.3332030858136,0.672612607479095
26.3404030856317,0.671600759029388
26.3518030853437,0.67055070400238
26.3632030850558,0.669481575489044
26.373603084793,0.668412506580353
26.3848030845101,0.667400658130646
26.3944030842676,0.666312456130981
26.4066030839594,0.665300607681274
26.4168030837017,0.664250552654266
26.4280030834188,0.66318142414093
26.4390030831409,0.662150502204895
26.4502030828579,0.661100447177887
26.4622030825547,0.660050451755524
26.4740030822567,0.659038603305817
26.4848030819839,0.65796947479248
26.495803081706,0.656938552856445
26.5086030813826,0.655869424343109
26.5200030810947,0.654819369316101
26.5322030807865,0.653788447380066
26.5430030805136,0.652757525444031
26.5556030801953,0.651726603507996
26.5692030798518,0.650638401508331
26.5826030795132,0.649550139904022
26.5946030792101,0.648385584354401
26.6106030788059,0.647373735904694
26.6224030785078,0.646342813968658
26.6346030781996,0.645235478878021
26.6492030778308,0.644204556941986
26.6608030775377,0.64313542842865
26.6738030772093,0.642085433006287
26.6890030768254,0.641035377979279
26.7024030764868,0.640023529529572
26.7140030761938,0.638992607593536
26.7302030757846,0.637847125530243
26.7444030754258,0.63673985004425
26.759203075052,0.635575234889984
26.7746030746628,0.63448703289032
26.7906030742587,0.633456110954285
26.8032030739404,0.63242518901825
26.8182030735615,0.631413340568542
26.8324030732028,0.630286931991577
26.8488030727885,0.629160523414612
26.86180307246,0.628129601478577
26.8780030720508,0.62711775302887
26.8932030716668,0.625991344451904
26.9098030712475,0.624979496002197
26.9214030709544,0.623910367488861
26.9392030705048,0.622822165489197
26.9546030701157,0.62181031703949
26.9712030696964,0.620741248130798
26.9856030693326,0.619710266590118
27.0002030689638,0.618698418140411
27.0156030685747,0.617686569690704
27.0308030681908,0.616674721240997
27.049003067731,0.615624725818634
27.0636030673622,0.614612877368927
27.0812030669175,0.613581955432892
27.0942030665891,0.612570106983185
27.1110030661647,0.611558258533478
27.1280030657353,0.61050820350647
27.144203065326,0.609458208084106
27.1608030649067,0.60838907957077
27.178603064457,0.607377231121063
27.1926030641033,0.606346309185028
27.2104030636537,0.60529625415802
27.2280030632091,0.604284405708313
27.2446030627897,0.60323441028595
27.2616030623603,0.602146208286285
27.2790030619207,0.601115226745605
27.297003061466,0.60008430480957
27.3142030610315,0.599053382873535
27.331403060597,0.598041534423828
27.3506030601119,0.596972405910492
27.369403059637,0.595960557460785
27.384603059253,0.59492963552475
27.4024030588034,0.593917787075043
27.4208030583385,0.592848658561706
27.4402030578484,0.59177953004837
27.4568030574291,0.590710401535034
27.4758030569491,0.589641332626343
27.4942030564843,0.588591277599335
27.5124030560245,0.587522149085999
27.533403055494,0.586433947086334
27.5516030550342,0.585422098636627
27.5710030545442,0.584372103214264
27.5916030540238,0.583360254764557
27.6086030535943,0.58234840631485
27.6278030531093,0.581298351287842
27.6460030526495,0.580267429351807
27.6646030521796,0.5792555809021
27.6858030516441,0.578205525875092
27.7024030512247,0.577155530452728
27.7226030507144,0.576086401939392
27.7416030502344,0.575074553489685
27.762203049714,0.574005424976349
27.7820030492138,0.572993576526642
27.8002030487541,0.571981728076935
27.8212030482236,0.570969879627228
27.8412030477183,0.569938957691193
27.8602030472384,0.568888962268829
27.8800030467382,0.567877113819122
27.9026030461672,0.566827058792114
27.9214030456923,0.565815210342407
27.9410030451972,0.5648033618927
27.960603044702,0.563734233379364
27.9824030441513,0.562722384929657
28.0010030436814,0.561710596084595
28.0208030431813,0.560679614543915
28.0442030425901,0.559610486030579
28.0640030420899,0.558579564094543
28.0836030415948,0.557491362094879
28.1078030409834,0.556460440158844
28.1276030404833,0.555448591709137
28.1474030399831,0.554417669773102
28.1708030393919,0.553386688232422
28.1916030388665,0.552336692810059
28.2136030383107,0.551305770874023
28.2346030377802,0.550293922424316
28.25440303728,0.549262940883636
28.2752030367546,0.548251092433929
28.296603036214,0.547086536884308
28.3220030355723,0.546036541461945
28.3422030350619,0.545024693012237
28.365203034481,0.543936491012573
28.3888030338848,0.542867362499237
28.4128030332785,0.541817307472229
28.4334030327581,0.540729105472565
28.456803032167,0.5396409034729
28.4802030315758,0.538609981536865
28.5036030309847,0.537578999996185
28.5258030304239,0.536567151546478
28.5488030298429,0.535517156124115
28.571203029277,0.534505307674408
28.5918030287566,0.533436179161072
28.6164030281351,0.532405257225037
28.6380030275895,0.53139340877533
28.6612030270034,0.530362486839294
28.6850030264022,0.529350638389587
28.7044030259121,0.528300583362579
28.7294030252805,0.527250587940216
28.7542030246539,0.526143252849579
28.7786030240376,0.525074124336243
28.803803023401,0.524062275886536
28.8262030228351,0.523012280464172
28.8522030221783,0.522000432014465
28.8728030216579,0.520931303501129
28.8974030210365,0.519919455051422
28.918203020511,0.518888533115387
28.9454030198239,0.517819404602051
28.9688030192328,0.516807556152344
28.9918030186517,0.515795707702637
29.0152030180606,0.514726579189301
29.0394030174493,0.513695657253265
29.0644030168177,0.512607455253601
29.0918030161255,0.511576533317566
29.1140030155647,0.510545551776886
29.1354030150241,0.509533762931824
29.1652030142713,0.508464634418487
29.1910030136195,0.507395505905151
29.2150030130132,0.506250023841858
29.2402030123766,0.505161821842194
29.2666030117097,0.504111766815185
29.2934030110327,0.503099918365479
29.3166030104466,0.501954436302185
29.3464030096938,0.500866234302521
29.3730030090218,0.499854385852814
29.3954030084559,0.498766154050827
29.4204030078244,0.497716128826141
29.4462030071726,0.496704280376434
29.4726030065057,0.495692431926727
29.4962030059095,0.494680613279343
29.5224030052476,0.493649661540985
29.5502030045454,0.49261873960495
29.5738030039492,0.491606891155243
29.5970030033631,0.490499585866928
29.62800300258,0.489449560642242
29.654403001913,0.488399535417557
29.6768030013472,0.487349510192871
29.7020030007106,0.486318558454514
29.7316029999628,0.485306710004807
29.7560029993464,0.484256684780121
29.7832029986593,0.483225762844086
29.8088029980126,0.482213914394379
29.8320029974265,0.481202065944672
29.860602996704,0.480152040719986
29.887402996027,0.479140192270279
29.91380299536,0.478090167045593
29.940802994678,0.477059215307236
29.9642029940868,0.476047366857529
29.9944029933239,0.474882811307907
30.0226029926115,0.473813682794571
30.0516029918789,0.472763657569885
30.0776029912221,0.471675455570221
30.1078029904592,0.470663607120514
30.1350029897721,0.469632655382156
30.1574029892062,0.468582630157471
30.1852029885038,0.467570781707764
30.2138029877814,0.466558933258057
30.2396029871297,0.465508908033371
30.2666029864476,0.464497059583664
30.2946029857402,0.463466137647629
30.3226029850329,0.462397009134293
30.3522029842851,0.46127063035965
30.3784029836233,0.460258781909943
30.406202982921,0.459170579910278
30.4380029821176,0.458044171333313
30.4664029814002,0.456975042819977
30.4966029806373,0.455905944108963
30.5238029799501,0.454894095659256
30.5538029791923,0.453863143920898
30.5796029785405,0.452851295471191
30.612202977717,0.451724916696548
30.6370029770905,0.450617611408234
30.6708029762366,0.449548482894897
30.6974029755647,0.448536664247513
30.7270029748169,0.447372078895569
30.757202974054,0.446302950382233
30.7866029733113,0.445291101932526
30.8168029725483,0.444279253482819
30.8452029718308,0.443248331546783
30.8748029710831,0.442236483097076
30.9012029704162,0.441186457872391
30.9316029696483,0.440155506134033
30.9560029690319,0.439086407423019
30.9888029682033,0.438074558973312
31.0162029675111,0.437043607234955
31.0452029667785,0.43601268529892
31.0760029660004,0.434886276721954
31.1062029652375,0.433836251497269
31.1352029645048,0.432786226272583
31.1666029637117,0.431698024272919
31.1966029629538,0.430571615695953
31.2268029621909,0.429540693759918
31.2582029613977,0.428528845310211
31.28740296066,0.427497923374176
31.3150029599628,0.426486074924469
31.3428029592605,0.425474226474762
31.3770029583964,0.424462378025055
31.4014029577801,0.423431426286697
31.4332029569768,0.422362327575684
31.4638029562038,0.421274125576019
31.4956029554004,0.420243173837662
31.5268029546122,0.419193148612976
31.5562029538695,0.41814312338829
31.5890029530409,0.417112171649933
31.6168029523387,0.416043072938919
31.6494029515151,0.415031224489212
31.6778029507977,0.413904815912247
31.7128029499135,0.41289296746254
31.741402949191,0.411823868751526
31.7750029483422,0.41077384352684
31.8016029476701,0.409761995077133
31.8358029468062,0.408731043338776
31.8662029460383,0.407661944627762
31.8968029452653,0.406650096178055
31.9276029444872,0.405619144439697
31.9570029437445,0.404569119215012
31.9898029429159,0.403538197278976
32.019802942158,0.402526348829269
32.0514029413597,0.401476323604584
32.0794029406524,0.400445371866226
32.1136029397884,0.399395346641541
32.14560293898,0.398345321416855
32.176202938207,0.397295296192169
32.2084029373936,0.396245270967483
32.2362029366912,0.395233422517776
32.2730029357616,0.39422157406807
32.3028029350088,0.393095195293427
32.3368029341499,0.391987890005112
32.3718029332657,0.390956938266754
32.3990029325786,0.389926016330719
32.4336029317044,0.388875991106033
32.4628029309669,0.387864142656326
32.4970029301029,0.386833190917969
32.5280029293198,0.385802268981934
32.561602928471,0.384714066982269
32.5956029276121,0.383587658405304
32.6320029266925,0.382518529891968
32.6586029260206,0.381506681442261
32.6958029250808,0.380475759506226
32.7240029243684,0.379463911056519
32.7588029234893,0.378413885831833
32.7912029226707,0.377382963895798
32.8210029219181,0.376371115446091
32.8566029210187,0.375340163707733
32.8868029202557,0.374290138483047
32.9228029193463,0.373163759708404
32.9554029185228,0.372151911258698
32.9910029176234,0.37112095952034
33.0218029168454,0.370109111070633
33.0552029160015,0.369097262620926
33.0868029152033,0.368085443973541
33.1170029144404,0.366997212171555
33.1558029134602,0.365985363721848
33.1848029127276,0.364897161722183
33.2192029118586,0.363885313272476
33.2510029110553,0.362873464822769
33.2848029102014,0.361861616373062
33.3176029093728,0.360849797725677
33.3522029084988,0.359837949275971
33.3832029077156,0.358826100826263
33.4178029068416,0.357718795537949
33.4548029059069,0.356668770313263
33.4896029050277,0.355599641799927
33.5188029042901,0.354568719863892
33.5554029033655,0.353556871414185
33.5920029024409,0.352545022964477
33.6202029017284,0.351533174514771
33.6556029008342,0.350521326065063
33.6886029000006,0.349490404129028
33.7202028992022,0.348344922065735
33.7590028982221,0.347256690263748
33.7954028973026,0.346244841814041
33.8296028964386,0.345213919878006
33.8616028956302,0.344202071428299
33.8978028947157,0.343132942914963
33.9342028937961,0.342063844203949
33.9676028929525,0.341051995754242
34.0004028921239,0.339963763952255
34.0390028911487,0.33891373872757
34.0738028902696,0.337901890277862
34.1070028894309,0.336890071630478
34.1392028886175,0.335840046405792
34.1776028876474,0.334809094667435
34.2106028868138,0.333759069442749
34.2486028858538,0.332709044218063
34.2804028850505,0.331620842218399
34.3196028840602,0.330608993768692
34.3572028831103,0.329520761966705
34.3952028821504,0.328375279903412
34.4322028812157,0.327344357967377
34.4666028803466,0.326313406229019
34.5040028794018,0.325301557779312
34.5372028785631,0.324270635843277
34.5712028777042,0.323220610618591
34.6070028767998,0.322189658880234
34.6430028758904,0.321177840232849
34.6782028750012,0.320146888494492
34.7164028740362,0.319096863269806
34.7482028732328,0.31804683804512
34.7874028722426,0.316882252693176
34.8244028713079,0.315832227468491
34.8640028703075,0.314820379018784
34.8986028694334,0.313808530569076
34.9342028685341,0.312758505344391
34.9724028675691,0.311670303344727
35.003202866791,0.310639351606369
35.0424028658007,0.309627532958984
35.0780028649014,0.308558404445648
35.1190028638656,0.307489275932312
35.1562028629259,0.306420177221298
35.1962028619154,0.30537012219429
35.2332028609807,0.304358303546906
35.2640028602026,0.303270071744919
35.304402859182,0.302258223295212
35.3398028582878,0.301227301359177
35.3778028573278,0.30021545290947
35.4150028563881,0.299165427684784
35.4500028555039,0.298153579235077
35.4870028545692,0.297103554010391
35.5244028536244,0.296072602272034
35.5592028527453,0.295022577047348
35.6000028517146,0.293972551822662
35.6376028507647,0.292941629886627
35.67460284983,0.29192978143692
35.7110028489105,0.290803372859955
35.7558028477787,0.289657890796661
35.7954028467783,0.288626968860626
35.8340028458032,0.287615120410919
35.8648028450251,0.286584168672562
35.9060028439843,0.285476893186569
35.9410028431002,0.284407764673233
35.9852028419836,0.283395916223526
36.0206028410893,0.28232678771019
36.0618028400485,0.281276762485504
36.0998028390885,0.28020766377449
36.1404028380629,0.279157608747482
36.1764028371535,0.278145790100098
36.2184028360925,0.27711483836174
36.2560028351426,0.276083916425705
36.2948028341624,0.275052964687347
36.3310028332479,0.274002939462662
36.3686028322981,0.272972017526627
36.4082028312976,0.27190288901329
36.4482028302872,0.270871937274933
36.4878028292868,0.269860118627548
36.521602828433,0.268848270177841
36.5612028274326,0.267798244953155
36.6020028264019,0.266690939664841
36.6428028253712,0.265679091215134
36.6790028244567,0.264667242765427
36.720002823421,0.263598114252091
36.7598028224155,0.262586265802383
36.7994028214152,0.261574417352676
36.8386028204249,0.260562598705292
36.8780028194296,0.259531646966934
36.9136028185302,0.258519798517227
36.9582028174035,0.257374316453934
36.998402816388,0.256343394517899
37.0380028153876,0.255274266004562
37.0780028143771,0.254262417554855
37.1192028133363,0.253174215555191
37.1592028123259,0.252124190330505
37.1992028113154,0.251055061817169
37.2412028102544,0.250043213367462
37.2788028093045,0.249031364917755
37.3204028082536,0.24796225130558
37.3624028071926,0.246950402855873
37.3996028062528,0.245919466018677
37.4402028052272,0.24490761756897
37.4770028042975,0.243895769119263
37.5202028032062,0.242807567119598
37.5618028021553,0.241719350218773
37.6018028011448,0.240688413381576
37.6444028000687,0.23965747654438
37.6842027990632,0.238607451319695
37.7254027980224,0.237595602869987
37.7666027969816,0.236564666032791
37.8066027959712,0.235514640808106
37.8524027948141,0.23446461558342
37.8880027939148,0.233338221907616
37.937002792677,0.23228819668293
37.9740027917423,0.231276348233223
38.0196027905903,0.230207234621048
38.0622027895142,0.229099929332733
38.1034027884734,0.228088080883026
38.1436027874578,0.226961687207222
38.1890027863109,0.225949838757515
38.2282027853206,0.224918901920319
38.2718027842192,0.223887965083122
38.3142027831481,0.222857028245926
38.3574027820568,0.22184519469738
38.3982027810261,0.220795154571533
38.4414027799348,0.219764232635498
38.4806027789445,0.218695104122162
38.5270027777723,0.217606902122498
38.566202776782,0.216575965285301
38.616002775524,0.215564116835594
38.657802774468,0.214475899934769
38.6980027734525,0.213444963097572
38.7408027723713,0.212299481034279
38.787202771199,0.211268544197083
38.8284027701583,0.210237607359886
38.8722027690518,0.20920667052269
38.9168027679251,0.208194822072983
38.9544027669753,0.207182988524437
38.9980027658739,0.20617114007473
39.0408027647926,0.205140203237534
39.0824027637417,0.204128354787826
39.1212027627616,0.20309741795063
39.169202761549,0.201990112662315
39.2134027604324,0.20094008743763
39.2596027592653,0.199890062212944
39.3032027581639,0.198840036988258
39.3476027570422,0.197809100151062
39.3926027559054,0.196778163313866
39.4270027550364,0.195747226476669
39.478202753743,0.194735378026962
39.5216027526466,0.193685352802277
39.5618027516311,0.19267350435257
39.6072027504842,0.191661670804024
39.6524027493423,0.190649822354317
39.6968027482207,0.18963797390461
39.7384027471698,0.188626125454903
39.7826027460532,0.187576100230217
39.8234027450225,0.186545163393021
39.8724027437847,0.185456961393356
39.9196027425923,0.18438783288002
39.962802741501,0.183375984430313
40.0068027403894,0.182306870818138
40.0536027392072,0.181275933980942
40.1012027380047,0.180244997143745
40.1428027369538,0.17919497191906
40.1888027357917,0.178144946694374
40.2368027345791,0.17701855301857
40.2820027334373,0.175968527793884
40.3264027323157,0.174918487668037
40.3776027310222,0.173906654119492
40.420602729936,0.172856613993645
40.4630027288648,0.171844780445099
40.5172027274956,0.170813843607903
40.55780272647,0.169801995158196
40.6028027253332,0.168771058320999
40.6448027242722,0.167759209871292
40.6900027231303,0.166690096259117
40.7424027218066,0.165640071034432
40.782802720786,0.164628222584724
40.8308027195734,0.163616374135017
40.8748027184619,0.16260452568531
40.9226027172544,0.161573588848114
40.9684027160974,0.160561755299568
41.0152027149151,0.159492626786232
41.0638027136874,0.158385321497917
41.1164027123586,0.157373487949371
41.160402711247,0.156342551112175
41.2040027101456,0.155330702662468
41.2512027089532,0.154299765825272
41.2998027077255,0.153230652213097
41.3456027065685,0.15218061208725
41.3930027053711,0.151168778538704
41.4440027040827,0.150099650025368
41.4906027029055,0.149030536413193
41.5416027016171,0.147980511188507
41.5848027005258,0.1469686627388
41.6334026992981,0.145937725901604
41.6802026981158,0.14475405216217
41.7372026966758,0.143704026937485
41.7832026955138,0.142654001712799
41.8288026943618,0.141584888100624
41.8834026929825,0.140553951263428
41.9306026917902,0.139465734362602
41.9826026904765,0.138415709137917
42.0254026893953,0.137403860688209
42.080002688016,0.136353835463524
42.1254026868691,0.135322898626328
42.1724026856818,0.134272873401642
42.2258026843328,0.133184656500816
42.2786026829989,0.132172822952271
42.324202681847,0.131141886115074
42.3742026805839,0.130130037665367
42.4190026794521,0.129099100828171
42.4670026782395,0.128087252378464
42.5208026768804,0.127075403928757
42.564602675774,0.126063570380211
42.6150026745008,0.125051721930504
42.663802673268,0.124039873480797
42.7104026720907,0.122970752418041
42.7618026707923,0.121958903968334
42.8122026695191,0.120889790356159
42.8618026682661,0.119877941906452
42.9138026669524,0.118847005069256
42.9630026657095,0.11779697984457
43.0118026644767,0.116727858781815
43.0652026631277,0.115716010332108
43.1152026618646,0.114704169332981
43.1640026606318,0.113692320883274
43.2144026593586,0.11256592720747
43.2660026580551,0.111534997820854
43.3184026567314,0.110523149371147
43.3662026555238,0.10951130092144
43.4202026541597,0.108499459922314
43.468602652937,0.107487611472607
43.5230026515627,0.10645667463541
43.567802650431,0.105444833636284
43.6216026490719,0.104432985186577
43.6676026479098,0.103325687348843
43.7250026464598,0.102275654673576
43.7802026450653,0.101187445223331
43.8270026438831,0.100175604224205
43.87700264262,0.0991446673870087
43.9322026412255,0.0980755463242531
43.9864026398563,0.0970637053251266
44.0422026384466,0.0960327684879303
44.0878026372947,0.0950018316507339
44.144002635875,0.093913622200489
44.1960026345613,0.0928635895252228
44.2476026332578,0.0917944684624672
44.3068026317623,0.0907635390758514
44.3530026305952,0.0897326022386551
44.407002629231,0.0887016654014587
44.4638026277961,0.0876707285642624
44.5086026266644,0.086639791727066
44.5630026252901,0.0856088548898697
44.6236026237592,0.0845206454396248
44.6792026223547,0.0835087969899178
44.7280026211219,0.0824969559907913
44.7830026197325,0.0814278349280357
44.8372026183633,0.0803968980908394
44.8902026170244,0.0793850496411323
44.9414026157309,0.0783350244164467
44.9950026143769,0.0773231834173203
45.0502026129824,0.0763113349676132
45.1036026116334,0.0752803981304169
45.1504026104512,0.0742303729057312
45.208402608986,0.0732185244560242
45.2628026076117,0.0721494033932686
45.3202026061617,0.0711375623941422
45.3730026048278,0.0700684413313866
45.4316026033476,0.0690184161067009
45.4862026019681,0.0680065676569939
45.5376026006697,0.0669947266578674
45.5910025993207,0.0659828782081604
45.646802597911,0.064971037209034
45.6994025965823,0.0639591887593269
45.7530025952282,0.0629473477602005
45.8082025938337,0.0618973150849342
45.864602592409,0.0608663782477379
45.9194025910246,0.0598545335233212
45.9662025898423,0.0588426887989044
46.0264025883215,0.0578308440744877
46.0778025870231,0.056818999350071
46.1380025855023,0.055768970400095
46.1908025841684,0.0547189451754093
46.2472025827437,0.0536689162254334
46.306802581238,0.052637979388237
46.3646025797779,0.0516261346638203
46.4186025784137,0.0505379252135754
46.4794025768778,0.0494878962635994
46.5328025755288,0.0484569594264031
46.5888025741141,0.0474260225892067
46.6472025726387,0.04641417786479
46.7066025711382,0.045364148914814
46.764602569673,0.0443141236901283
46.8198025682786,0.0433022789657116
46.8756025668689,0.0422713421285152
46.9306025654795,0.0412213131785393
46.989802563984,0.0401331037282944
47.0496025624733,0.0391212590038776
47.1068025610283,0.0381094142794609
47.1638025595884,0.0370975695550442
47.2206025581535,0.0360857248306274
47.2768025567338,0.0350547879934311
47.3288025554201,0.0339856669306755
47.3972025536922,0.0329356379806995
47.4548025522371,0.0319047048687935
47.5070025509184,0.030873766168952
47.5718025492815,0.0298619214445353
47.630802547791,0.0287546198815107
47.6930025462197,0.0277427732944489
47.7478025448353,0.0267309285700321
47.80620254336,0.0257190838456154
47.8622025419453,0.0247072391211987
47.924602540369,0.0236953943967819
47.9804025389593,0.0226644575595856
48.038802537484,0.0215380638837814
48.1032025358572,0.0205071289092302
48.1674025342353,0.0194570999592543
48.2250025327802,0.0184261631220579
48.2864025312291,0.0174143183976412
48.3416025298347,0.0164024736732244
48.4026025282937,0.0153906289488077
48.4570025269194,0.0143787832930684
48.5154025254441,0.0133669385686517
48.5788025238425,0.0123550938442349
48.6364025223874,0.0113432491198182
48.6970025208565,0.0103314034640789
48.7530025194418,0.00931955873966217
48.8144025178907,0.00826953072100878
48.8756025163447,0.00723859434947371
48.9334025148845,0.00620765797793865
48.9980025132525,0.00517672160640359
49.057402511752,0.00416487688198686
49.1180025102212,0.00315303169190884
49.1814025086195,0.00212209532037377
49.240802507119,0.00111025024671108
49.3060025054719,7.93138169683516E-5
49.3126025053051,-5.43260830454528E-5
49.3128025053001,2.20395741052926E-5
